member_casual,total_rides,avg_ride_min,median_ride_min,max_ride_min
casual,1929331,19.903422814731233,11.887050000826518,1439.9759499986967
member,3516875,12.246302937775132,8.755433332920074,1439.9016833345095
